Rank 1990-2025,Rank 1954-1989,Supplier,1990,1991,1992,1993,1994,1995,1996,1997,1998,1999,2000,2001,2002,2003,2004,2005,2006,2007,2008,2009,2010,2011,2012,2013,2014,2015,2016,2017,2018,2019,2020,2021,2022,2023,2024, Share of global arms imports,1954-1989 Total, Percentage change from 1954-1989 to 1990-2025,1,2,3,4,5,6,7,8,9,10,11,12,13,14,15,16,17,18,19,20
1.0,2.0,United States,10643.0,12483.0,14087.0,13766.0,11492.0,11219.0,10834.0,14513.0,15813.0,11529.0,7677.0,5597.0,4888.0,5647.0,6930.0,6718.0,7509.0,7910.0,7149.0,7197.0,8391.0,9022.0,8947.0,7724.0,9505.0,9743.0,9426.0,11409.0,9255.0,10534.0,10024.0,10960.0,15351.0,11102.0,13512.0,39%,382289.0,-8.9%,Saudi Arabia (10),Japan (8.9),South Korea (8.1),Taiwan (5.6),Turkiye (5.1),Egypt (4.8),Australia (4.7),Israel (4.6),United Kingdom (4.6),UAE (3.7),Greece (3.1),Singapore (2.2),Kuwait (2.2),Qatar (2.1),Italy (1.8),Germany (1.8),Netherlands (1.7),Canada (1.6),Ukraine (1.6),India (1.5)
2.0,,Russia,,,2643.0,3489.0,1540.0,3859.0,3624.0,3451.0,2122.0,4392.0,4494.0,5403.0,5841.0,5256.0,6330.0,5176.0,5165.0,5560.0,5954.0,5087.0,6218.0,8786.0,8304.0,7782.0,5341.0,5751.0,6676.0,6356.0,6871.0,5100.0,3523.0,2402.0,2510.0,1329.0,1339.0,17%,,,India (28),China (24),Algeria (8.2),Viet Nam (4.8),Egypt (3.3),Iran (2.5),Venezuela (2.5),Kazakhstan (2.2),Syria (1.6),Iraq (1.5),Azerbaijan (1.4),Myanmar (1.4),UAE (1.3),Belarus (1.2),Malaysia (1.1),Hungary (0.8),Yemen (0.7),Indonesia (0.7),Greece (0.7),Sudan (0.6)
3.0,4.0,France,1787.0,1158.0,1241.0,967.0,852.0,965.0,1837.0,3172.0,3085.0,1680.0,963.0,1306.0,1368.0,1343.0,2117.0,1644.0,1478.0,2145.0,1872.0,1845.0,901.0,2096.0,1338.0,1887.0,1758.0,2252.0,2185.0,2319.0,1897.0,3738.0,2384.0,3836.0,3123.0,2150.0,2272.0,7.4%,73009.0,-8.3%,UAE (11),India (9.8),China (6.9),Saudi Arabia (6.6),Taiwan (6.2),Egypt (5.9),Qatar (5.1),Singapore (4.9),Greece (4.4),Brazil (3.1),Morocco (3.0),South Korea (2.8),United States (2.5),Pakistan (2.4),Australia (2.2),Turkiye (1.8),Spain (1.5),Chile (1.4),Finland (1.3),Indonesia (1.2)
4.0,5.0,Germany,1835.0,2418.0,1529.0,1559.0,2920.0,1552.0,1961.0,955.0,1847.0,1944.0,1677.0,865.0,899.0,1652.0,1103.0,2088.0,2485.0,3296.0,2380.0,2207.0,2357.0,1204.0,729.0,729.0,1822.0,1815.0,2509.0,1841.0,1085.0,950.0,1163.0,813.0,1489.0,2472.0,2049.0,6.7%,34636.0,74%,Greece (10.0),Turkiye (9.9),South Korea (8.7),Israel (5.0),Egypt (4.1),Australia (3.7),United States (3.7),Spain (3.1),Singapore (3.1),South Africa (3.0),Indonesia (2.8),Italy (2.8),Ukraine (2.6),India (2.5),Portugal (2.5),Sweden (1.9),Brazil (1.9),Poland (1.7),Switzerland (1.6),Algeria (1.6)
5.0,3.0,United Kingdom,1845.0,1525.0,1093.0,1382.0,1527.0,1458.0,1613.0,2361.0,1400.0,1315.0,1623.0,1359.0,1076.0,769.0,1232.0,991.0,958.0,924.0,931.0,1071.0,1146.0,1001.0,801.0,1503.0,1658.0,1183.0,1344.0,1105.0,682.0,886.0,662.0,679.0,1711.0,1320.0,756.0,4.8%,89941.0,-52%,Saudi Arabia (19),United States (15),India (7.3),Oman (4.7),Qatar (3.9),Canada (3.6),Brazil (3.2),Indonesia (3.1),China (2.8),Chile (2.6),Malaysia (2.5),Turkiye (2.4),Italy (2.2),South Korea (2.1),Australia (1.8),Japan (1.8),UAE (1.6),France (1.5),Pakistan (1.4),Jordan (1.3)
6.0,7.0,China,954.0,1321.0,670.0,1435.0,1063.0,981.0,764.0,427.0,347.0,332.0,306.0,510.0,524.0,701.0,408.0,341.0,770.0,505.0,586.0,1125.0,1501.0,1258.0,1534.0,2076.0,1323.0,1819.0,2449.0,1624.0,1365.0,1604.0,635.0,1358.0,2280.0,2982.0,1131.0,4.3%,26662.0,46%,Pakistan (41),Myanmar (9.2),Bangladesh (8.9),Iran (5.5),Thailand (5.1),Algeria (4.0),Venezuela (1.7),Sudan (1.7),Sri Lanka (1.6),Egypt (1.6),Serbia (1.5),Nigeria (1.4),Morocco (1.3),Tanzania (1.2),Saudi Arabia (1.1),North Korea (0.9),Indonesia (0.9),Turkiye (0.8),Namibia (0.7),Turkmenistan (0.6)
7.0,8.0,Italy,200.0,354.0,249.0,342.0,208.0,301.0,288.0,449.0,426.0,519.0,208.0,269.0,477.0,359.0,261.0,832.0,538.0,700.0,433.0,512.0,584.0,969.0,794.0,890.0,688.0,671.0,620.0,704.0,534.0,372.0,809.0,1650.0,1711.0,1364.0,1379.0,2.4%,17892.0,21%,Qatar (9.7),United States (7.7),Turkiye (7.2),Kuwait (6.1),Egypt (5.9),Pakistan (4.0),Peru (3.7),Malaysia (2.8),UAE (2.6),Brazil (2.5),Poland (2.5),Australia (2.4),Algeria (2.4),India (2.2),Spain (2.1),Greece (1.9),Singapore (1.8),Thailand (1.8),France (1.7),Saudi Arabia (1.7)
8.0,14.0,Israel,74.0,157.0,354.0,416.0,337.0,206.0,335.0,271.0,227.0,177.0,407.0,467.0,532.0,411.0,591.0,506.0,438.0,618.0,379.0,810.0,658.0,546.0,460.0,412.0,404.0,570.0,1236.0,1193.0,1147.0,392.0,380.0,711.0,1050.0,1281.0,1026.0,2.1%,3410.0,462%,India (29),United States (11),Singapore (5.2),Azerbaijan (4.7),Turkiye (4.6),South Africa (3.3),Viet Nam (2.9),United Kingdom (2.5),Philippines (2.4),Sri Lanka (2.2),Chile (2.1),Colombia (2.0),Italy (1.8),China (1.8),South Korea (1.8),Brazil (1.7),Romania (1.6),Germany (1.4),Mexico (1.3),Australia (1.0)
9.0,10.0,Netherlands,416.0,455.0,383.0,458.0,628.0,458.0,484.0,619.0,642.0,355.0,281.0,199.0,233.0,331.0,202.0,496.0,1147.0,1219.0,452.0,504.0,366.0,541.0,871.0,384.0,643.0,469.0,487.0,1070.0,468.0,304.0,462.0,357.0,324.0,250.0,392.0,1.9%,8732.0,99%,Greece (8.8),India (7.8),Chile (7.3),United States (6.2),Indonesia (6.2),Germany (4.8),UAE (4.1),Jordan (3.9),Turkiye (3.7),Canada (3.5),Portugal (3.4),United Kingdom (3.1),Morocco (3.0),Egypt (2.8),Pakistan (2.5),South Korea (2.5),Venezuela (2.2),Mexico (1.8),Belgium (1.6),Singapore (1.5)
10.0,15.0,Spain,117.0,105.0,71.0,104.0,254.0,89.0,113.0,607.0,174.0,46.0,47.0,8.0,18.0,99.0,54.0,113.0,898.0,628.0,626.0,984.0,273.0,997.0,266.0,450.0,962.0,982.0,481.0,820.0,705.0,318.0,1010.0,676.0,1018.0,921.0,639.0,1.7%,2654.0,491%,Australia (17),Norway (14),Turkiye (12),Saudi Arabia (6.9),Malaysia (3.8),Belgium (3.3),United States (3.3),Thailand (3.2),Chile (3.2),Venezuela (2.4),Canada (2.1),Mexico (2.0),Egypt (1.9),France (1.6),Portugal (1.4),Colombia (1.4),Poland (1.4),Oman (1.2),Brazil (1.2),Kazakhstan (1.2)
11.0,1.0,Soviet Union,9951.0,5529.0,,,,,,,,,,,,,,,,,,,,,,,,,,,,,,,,,,1.7%,414223.0,-96%,India (22),Afghanistan (19),Algeria (10),Iran (7.1),Bulgaria (6.5),Syria (4.9),Iraq (3.9),Romania (3.5),East Germany (GDR) (2.5),Yugoslavia (2.5),China (2.3),North Korea (2.3),Czechoslovakia (2.2),Cuba (2.1),Poland (1.8),Yemen (1.2),Kuwait (1.2),Angola (0.8),Viet Nam (0.7),Nicaragua (0.7)
12.0,,Ukraine,,,165.0,82.0,237.0,166.0,232.0,556.0,706.0,736.0,275.0,536.0,310.0,313.0,196.0,294.0,532.0,640.0,397.0,444.0,518.0,569.0,1495.0,687.0,632.0,303.0,461.0,384.0,318.0,168.0,122.0,181.0,102.0,29.0,23.0,1.4%,,,China (18),Pakistan (13),Russia (6.6),India (5.6),Azerbaijan (4.4),Thailand (4.1),Ethiopia (3.7),Algeria (3.2),Georgia (2.7),Iraq (2.6),Iran (2.5),Sudan (2.3),Viet Nam (2.1),DR Congo (2.0),Equatorial Guinea (1.9),Sri Lanka (1.7),Uganda (1.5),Angola (1.5),Yemen (1.4),Chad (1.3)
13.0,13.0,Sweden,224.0,155.0,147.0,103.0,111.0,226.0,348.0,104.0,337.0,387.0,375.0,897.0,172.0,516.0,305.0,539.0,387.0,334.0,464.0,394.0,619.0,665.0,442.0,386.0,343.0,181.0,255.0,79.0,139.0,125.0,266.0,239.0,83.0,375.0,381.0,1.2%,4974.0,123%,Australia (14),Singapore (8.0),Pakistan (6.6),South Africa (6.2),Norway (5.8),UAE (5.2),Finland (4.4),Thailand (4.2),Brazil (4.1),United States (3.7),Netherlands (3.6),Czechia (3.5),Hungary (3.4),Denmark (3.1),Switzerland (2.7),Greece (2.3),United Kingdom (1.8),Poland (1.7),Germany (1.6),Saudi Arabia (1.5)
14.0,24.0,South Korea,72.0,118.0,,60.0,7.0,27.0,24.0,25.0,32.0,,10.0,230.0,,96.0,74.0,109.0,158.0,278.0,110.0,224.0,177.0,328.0,203.0,350.0,218.0,92.0,435.0,700.0,1047.0,680.0,772.0,510.0,220.0,631.0,964.0,1.0%,875.0,927%,Poland (16),Indonesia (16),Turkiye (15),Philippines (9.0),India (7.2),United Kingdom (6.0),Thailand (5.2),Iraq (4.8),Peru (2.9),Norway (2.5),UAE (2.4),Bangladesh (2.4),Colombia (1.4),Viet Nam (1.3),Malaysia (1.3),New Zealand (1.1),Myanmar (0.9),Finland (0.8),Egypt (0.7),Venezuela (0.6)
15.0,9.0,Switzerland,475.0,506.0,454.0,235.0,176.0,144.0,204.0,131.0,198.0,226.0,139.0,218.0,177.0,205.0,290.0,273.0,318.0,323.0,503.0,257.0,278.0,343.0,251.0,208.0,347.0,490.0,220.0,175.0,243.0,218.0,145.0,105.0,176.0,63.0,33.0,1.0%,9985.0,-12%,United States (20),China (15),Saudi Arabia (8.5),Pakistan (7.7),Canada (6.9),Romania (3.9),Turkiye (3.8),Australia (3.7),Spain (3.2),Denmark (2.3),Singapore (2.1),Indonesia (2.1),Kuwait (2.1),France (1.6),Germany (1.5),Qatar (1.4),UAE (1.4),India (1.1),South Africa (1.1),Thailand (0.9)
16.0,12.0,Canada,79.0,93.0,139.0,144.0,161.0,242.0,132.0,96.0,34.0,76.0,69.0,120.0,177.0,301.0,288.0,234.0,253.0,353.0,251.0,198.0,196.0,273.0,258.0,166.0,179.0,325.0,95.0,63.0,117.0,230.0,117.0,123.0,179.0,283.0,152.0,0.7%,6662.0,-7%,United States (35),Saudi Arabia (20),UAE (4.4),Ukraine (4.2),United Kingdom (2.1),New Zealand (2.1),Australia (2.1),India (1.9),France (1.8),Brazil (1.7),Botswana (1.6),Sweden (1.3),Mexico (1.2),Ireland (1.1),Taiwan (1.1),Greece (1.0),Denmark (1.0),Portugal (1.0),Colombia (0.8),Netherlands (0.8)
17.0,52.0,Turkiye,,,,,,3.0,3.0,0.0,3.0,44.0,20.0,5.0,27.0,43.0,28.0,25.0,67.0,85.0,120.0,76.0,70.0,90.0,144.0,139.0,157.0,225.0,243.0,177.0,248.0,274.0,265.0,482.0,589.0,699.0,332.0,0.5%,35.0,13397%,UAE (12),Turkmenistan (12),Pakistan (11),Saudi Arabia (8.3),Qatar (7.9),Malaysia (6.2),Ukraine (5.1),Oman (4.3),Azerbaijan (3.5),Bangladesh (3.4),Tunisia (2.1),Nigeria (2.1),Bahrain (1.7),Georgia (1.7),Philippines (1.6),Iraq (1.4),Morocco (1.2),Poland (1.2),Chad (0.9),Burkina Faso (0.9)
18.0,,Belarus,,,,8.0,,7.0,129.0,402.0,63.0,454.0,293.0,49.0,64.0,58.0,19.0,53.0,43.0,6.0,224.0,41.0,161.0,98.0,97.0,269.0,101.0,142.0,152.0,52.0,79.0,84.0,59.0,111.0,58.0,45.0,,0.4%,,,Peru (11),Azerbaijan (9.7),Sudan (9.3),Algeria (9.1),Angola (9.1),Viet Nam (8.8),Yemen (7.1),Syria (5.7),Morocco (5.0),China (5.0),Hungary (3.0),Uganda (2.6),Myanmar (1.9),Serbia (1.6),Iran (1.6),Cote d'Ivoire (1.4),Iraq (1.2),Pakistan (1.1),Central African Republic (1.0),Eritrea (0.9)
19.0,11.0,Poland,112.0,62.0,57.0,,133.0,179.0,57.0,23.0,1.0,65.0,47.0,81.0,56.0,83.0,47.0,18.0,282.0,163.0,73.0,75.0,28.0,8.0,31.0,147.0,33.0,2.0,5.0,8.0,11.0,10.0,0.0,3.0,707.0,606.0,116.0,0.4%,6714.0,-50%,Ukraine (41),India (15),Iran (7.8),Malaysia (5.2),United States (4.9),Soviet Union (3.4),Iraq (2.8),Myanmar (2.2),Venezuela (2.0),Czechia (1.2),Russia (1.2),Yemen (1.2),Uganda (1.1),Cambodia (0.9),Algeria (0.9),Philippines (0.9),Lithuania (0.7),Sweden (0.6),Viet Nam (0.6),Angola (0.6)
20.0,34.0,South Africa,,54.0,75.0,54.0,13.0,17.0,31.0,7.0,22.0,30.0,21.0,37.0,22.0,47.0,74.0,36.0,200.0,137.0,142.0,107.0,244.0,74.0,193.0,113.0,63.0,49.0,82.0,95.0,87.0,106.0,120.0,102.0,68.0,58.0,27.0,0.3%,372.0,601%,United States (20),UAE (15),India (7.7),Jordan (4.2),Ecuador (3.8),Singapore (2.9),Malaysia (2.9),Gabon (2.5),Congo (2.3),Yemen (2.3),Sweden (2.2),Algeria (2.1),United Nations** (2.0),Finland (1.8),Thailand (1.8),Saudi Arabia (1.8),Senegal (1.7),Azerbaijan (1.6),Kazakhstan (1.6),Oman (1.4)
21.0,17.0,Norway,85.0,166.0,78.0,37.0,39.0,15.0,4.0,10.0,3.0,3.0,2.0,31.0,78.0,91.0,59.0,6.0,14.0,3.0,2.0,31.0,,62.0,52.0,97.0,87.0,117.0,85.0,98.0,71.0,27.0,60.0,102.0,31.0,242.0,710.0,0.3%,1727.0,50%,United States (18),Ukraine (9.4),Poland (9.2),Finland (8.0),Romania (6.6),Oman (5.8),Switzerland (5.4),Australia (4.8),Hungary (4.0),Lithuania (3.5),United Kingdom (3.2),Denmark (2.7),Sweden (2.1),Iceland (1.9),Malaysia (1.8),Spain (1.8),Chile (1.7),Turkiye (1.6),Netherlands (1.2),Argentina (1.2)
22.0,19.0,Australia,156.0,84.0,,30.0,24.0,36.0,10.0,14.0,4.0,,,43.0,47.0,44.0,2.0,49.0,26.0,52.0,56.0,84.0,137.0,143.0,45.0,54.0,94.0,84.0,135.0,100.0,39.0,129.0,406.0,169.0,19.0,80.0,75.0,0.3%,1066.0,132%,United States (27),Canada (14),Chile (9.8),Pakistan (8.8),Indonesia (6.3),New Zealand (5.9),India (4.4),Singapore (3.3),UAE (3.2),Trinidad and Tobago (2.3),Yemen (2.0),Fiji (1.7),Oman (1.6),Netherlands (1.5),Papua New Guinea (1.4),Kuwait (1.4),Tonga (1.3),Ukraine (1.3),Solomon Islands (0.8),Philippines (0.7)
23.0,,Czechia,,,,199.0,319.0,146.0,123.0,24.0,21.0,58.0,83.0,89.0,60.0,65.0,2.0,72.0,44.0,34.0,34.0,24.0,5.0,11.0,8.0,41.0,26.0,151.0,153.0,90.0,92.0,19.0,26.0,6.0,163.0,106.0,134.0,0.3%,,,Ukraine (16),Egypt (13),Iraq (8.0),Thailand (6.6),Georgia (6.1),Viet Nam (5.6),Yemen (5.2),Algeria (4.6),Poland (4.1),Tunisia (3.5),United States (3.5),Russia (3.0),Afghanistan (2.6),Cambodia (2.3),Indonesia (2.0),Sri Lanka (1.9),Bangladesh (1.6),Nigeria (1.3),Uruguay (1.0),NATO** (1.0)
24.0,32.0,Belgium,1.0,1.0,,,39.0,161.0,61.0,93.0,46.0,62.0,46.0,37.0,32.0,15.0,47.0,160.0,59.0,32.0,223.0,242.0,11.0,110.0,21.0,54.0,10.0,12.0,7.0,17.0,21.0,62.0,29.0,95.0,146.0,39.0,40.0,0.2%,396.0,412%,Jordan (18),Bulgaria (15),Saudi Arabia (15),Chile (11),Brazil (6.7),Canada (4.4),Mexico (4.3),Indonesia (3.9),Pakistan (3.9),France (3.6),Ukraine (2.7),Morocco (2.7),Chad (1.9),Qatar (1.2),Bahrain (1.1),United Kingdom (1.0),DR Congo (0.6),Philippines (0.5),Benin (0.5),Kuwait (0.5)
25.0,16.0,Brazil,106.0,127.0,98.0,40.0,54.0,38.0,27.0,27.0,18.0,,,,20.0,,46.0,1.0,44.0,54.0,93.0,44.0,146.0,32.0,33.0,31.0,30.0,52.0,123.0,36.0,102.0,21.0,163.0,86.0,7.0,54.0,116.0,0.2%,2270.0,-18%,France (10),United Kingdom (8.8),Colombia (7.8),Indonesia (7.1),Afghanistan (6.3),Nigeria (5.8),Portugal (5.8),Chile (5.6),Ecuador (5.2),Saudi Arabia (3.9),Hungary (2.9),Angola (2.6),Greece (2.6),Iran (2.3),Malaysia (2.0),Dominican Republic (1.9),Mexico (1.9),Philippines (1.9),Lebanon (1.8),India (1.7)
26.0,49.0,UAE,2.0,,,,,28.0,6.0,37.0,,,,,,,3.0,11.0,17.0,3.0,,34.0,39.0,3.0,70.0,108.0,88.0,143.0,98.0,103.0,117.0,128.0,195.0,58.0,18.0,65.0,117.0,0.2%,45.0,3180%,Egypt (21),Jordan (15),Libya (8.8),Algeria (7.6),Canada (6.2),unknown recipient(s) (4.7),Mexico (3.4),Libya HoR* (3.2),South Sudan (3.1),Bosnia-Herzegovina (2.9),Yemen (2.6),Kuwait (2.5),Pakistan (2.3),Lebanon (2.0),Indonesia (1.8),Mali (1.7),Oman (1.0),Bahrain (1.0),Nigeria (0.9),Chad (0.9)
27.0,28.0,Finland,,18.0,9.0,12.0,20.0,25.0,3.0,1.0,17.0,20.0,12.0,31.0,35.0,35.0,27.0,38.0,121.0,60.0,97.0,63.0,66.0,64.0,99.0,69.0,95.0,26.0,54.0,28.0,39.0,25.0,12.0,15.0,40.0,49.0,27.0,0.2%,744.0,82%,Poland (42),Sweden (8.1),Egypt (7.9),Netherlands (7.3),Croatia (6.2),Norway (2.6),Latvia (2.5),France (2.4),Italy (2.2),Estonia (1.9),United Kingdom (1.8),NATO** (1.6),Saudi Arabia (1.6),UAE (1.6),Ukraine (1.6),Ireland (1.1),Mexico (1.0),Chile (0.9),Portugal (0.9),Eritrea (0.8)
28.0,18.0,North Korea,6.0,85.0,98.0,104.0,21.0,33.0,35.0,35.0,59.0,42.0,40.0,53.0,150.0,129.0,42.0,15.0,15.0,15.0,15.0,23.0,7.0,,,,1.0,,,,,,,,,13.0,243.0,0.1%,1292.0,-1.3%,Iran (42),Syria (28),Russia (20),Yemen (4.4),Viet Nam (3.0),Myanmar (2.1),Libya (0.5),Hamas (Palestine)* (0.0),PRC (Israel/Palestine)* (0.0),,,,,,,,,,,
29.0,6.0,Czechoslovakia,626.0,427.0,220.0,,,,,,,,,,,,,,,,,,,,,,,,,,,,,,,,,0.1%,29904.0,-96%,Soviet Union (47),Syria (38),Bulgaria (6.5),Algeria (4.0),Zimbabwe (3.7),Sri Lanka (1.1),East Germany (GDR) (0.3),Egypt (0.0),,,,,,,,,,,,
30.0,33.0,Iran,0.0,1.0,1.0,1.0,0.0,1.0,3.0,0.0,0.0,0.0,0.0,0.0,9.0,12.0,4.0,5.0,78.0,,80.0,97.0,52.0,76.0,34.0,2.0,33.0,9.0,23.0,24.0,9.0,9.0,15.0,1.0,83.0,289.0,226.0,0.1%,389.0,202%,Russia (42),Syria (36),Houthi rebels (Yemen)* (6.6),Venezuela (5.8),Iraq (3.6),Hezbollah (Lebanon)* (2.9),Sudan (2.5),unknown recipient(s) (0.7),Belarus (0.2),Bosnia-Herzegovina (0.0),,,,,,,,,,
31.0,36.0,Jordan,,,,,65.0,,,6.0,,,,,,,43.0,22.0,,13.0,13.0,28.0,117.0,,21.0,35.0,114.0,16.0,18.0,80.0,1.0,109.0,66.0,74.0,53.0,11.0,226.0,0.1%,308.0,267%,United States (27),Ukraine (19),Pakistan (13),Kenya (10),Iraq (6.8),Egypt (6.7),Lebanon (6.2),Singapore (2.6),Armenia (1.8),Brazil (1.1),Philippines (1.1),Libya (1.0),Austria (0.8),Benin (0.8),Yemen (0.5),Palestine (0.3),Libya HoR* (0.3),Ghana (0.3),Bahrain (0.3),Tanzania (0.0)
32.0,29.0,Denmark,80.0,,,182.0,268.0,34.0,13.0,,,3.0,18.0,,10.0,2.0,,,5.0,6.0,8.0,10.0,8.0,26.0,26.0,8.0,19.0,22.0,21.0,13.0,25.0,2.0,,24.0,78.0,46.0,166.0,0.1%,644.0,74%,United States (41),Ukraine (17),Indonesia (4.7),Greece (4.0),Lithuania (3.7),Morocco (3.2),Portugal (3.0),India (3.0),Argentina (2.5),Estonia (1.8),Brunei (1.7),Senegal (1.6),New Zealand (1.4),Brazil (1.3),Netherlands (1.1),Finland (1.0),Oman (0.9),Algeria (0.8),France (0.8),Malaysia (0.8)
33.0,,Uzbekistan,,,,,,,,,,,,,,252.0,126.0,4.0,,,,209.0,209.0,209.0,,,,34.0,68.0,,,,,,,,,0.1%,,,India (90),China (9.2),Georgia (0.3),,,,,,,,,,,,,,,,,
34.0,,Slovakia,,,,178.0,40.0,100.0,62.0,58.0,10.0,125.0,37.0,54.0,33.0,,46.0,,3.0,21.0,9.0,,,,5.0,1.0,8.0,3.0,20.0,22.0,12.0,8.0,11.0,,71.0,154.0,,0.1%,,,Ukraine (21),Angola (19),India (18),Syria (13),Egypt (4.5),Algeria (4.5),Armenia (4.2),Saudi Arabia (2.3),Azerbaijan (2.3),Cyprus (1.4),Afghanistan (1.1),Indonesia (1.1),Tunisia (1.1),United Nations** (1.1),Viet Nam (1.0),Senegal (0.9),Cambodia (0.9),Cameroon (0.6),Sudan (0.5),Mali (0.4)
35.0,42.0,Bulgaria,8.0,44.0,60.0,28.0,56.0,1.0,21.0,8.0,41.0,172.0,6.0,10.0,37.0,45.0,20.0,87.0,5.0,9.0,4.0,16.0,4.0,2.0,13.0,23.0,23.0,81.0,83.0,33.0,14.0,11.0,3.0,7.0,34.0,19.0,14.0,0.1%,117.0,790%,Iraq (16),Ethiopia (10.0),Eritrea (8.8),Angola (7.4),North Macedonia (6.9),Syria (5.0),Cote d'Ivoire (4.6),Georgia (4.3),Southern rebels (Yemen)* (4.3),Uganda (3.9),Soviet Union (3.5),Mali (3.4),Peru (2.8),Romania (2.3),Saudi Arabia (2.3),Nigeria (2.1),UAE (1.7),United States (1.5),Ukraine (1.3),Lithuania (1.3)
36.0,22.0,Japan,30.0,54.0,101.0,122.0,130.0,126.0,165.0,25.0,,,,,,,,,,40.0,,,,,,,,,,2.0,3.0,,,,,13.0,21.0,0.1%,952.0,-13%,United States (83),United Kingdom (9.0),Philippines (3.8),China (3.6),Ghana (1.0),,,,,,,,,,,,,,,
37.0,31.0,unknown supplier(s),10.0,9.0,3.0,41.0,56.0,1.0,67.0,11.0,4.0,3.0,12.0,17.0,19.0,12.0,15.0,53.0,9.0,0.0,36.0,9.0,31.0,8.0,14.0,10.0,26.0,12.0,6.0,7.0,10.0,12.0,3.0,41.0,53.0,141.0,24.0,0.1%,414.0,89%,United States (10.0),Croatia (7.8),DR Congo (7.2),African Union** (5.5),Central African Republic (5.3),Mali (5.0),Libya (4.3),Congo (3.8),Myanmar (3.6),Sudan (3.5),Angola (3.0),Canada (2.8),Saudi Arabia (2.6),Afghanistan (2.2),Mozambique (2.0),Peru (1.8),Bangladesh (1.5),Cote d'Ivoire (1.4),Ukraine (1.4),UAE (1.4)
38.0,25.0,Austria,30.0,20.0,20.0,10.0,17.0,,18.0,3.0,29.0,23.0,23.0,17.0,83.0,2.0,3.0,3.0,62.0,67.0,14.0,44.0,65.0,52.0,23.0,28.0,16.0,10.0,17.0,22.0,8.0,3.0,10.0,3.0,3.0,3.0,16.0,0.1%,813.0,-5.8%,France (14),Greece (11),Portugal (11),Egypt (10),Spain (7.8),Thailand (6.5),Kuwait (5.9),Czechia (5.0),Saudi Arabia (3.5),Latvia (3.1),Slovenia (2.8),Belgium (2.3),Indonesia (2.1),United States (1.9),Botswana (1.9),Brazil (1.7),UAE (1.6),Venezuela (1.1),Sweden (0.9),Argentina (0.6)
39.0,41.0,India,7.0,0.0,7.0,9.0,2.0,2.0,0.0,0.0,0.0,0.0,21.0,2.0,0.0,4.0,31.0,19.0,33.0,23.0,15.0,27.0,5.0,3.0,,18.0,40.0,42.0,49.0,56.0,47.0,20.0,153.0,54.0,7.0,41.0,25.0,0.1%,138.0,451%,Myanmar (29),Sri Lanka (18),Mauritius (13),Seychelles (8.3),Armenia (7.4),Nepal (6.1),Maldives (4.2),Viet Nam (3.9),Ecuador (3.5),Afghanistan (2.0),Mozambique (2.0),Namibia (0.8),Guinea-Bissau (0.6),Guyana (0.6),Suriname (0.4),Bangladesh (0.3),Bhutan (0.0),,,
40.0,30.0,Singapore,44.0,3.0,3.0,11.0,30.0,,1.0,46.0,23.0,11.0,12.0,,4.0,,65.0,,,,,34.0,27.0,16.0,79.0,7.0,12.0,80.0,77.0,,,,24.0,72.0,36.0,11.0,,0.1%,416.0,75%,Oman (19),Thailand (19),United States (13),Brazil (8.8),Belgium (6.4),UAE (5.9),Ghana (5.0),Nigeria (4.0),United Kingdom (4.0),Taiwan (3.4),India (2.6),Brunei (1.5),Indonesia (1.2),Kuwait (1.2),Papua New Guinea (1.1),unknown recipient(s) (1.0),Philippines (1.0),Sri Lanka (1.0),Chad (0.3),
41.0,21.0,Yugoslavia,80.0,480.0,,,,,,,,,,,,,,,,,,,,,,,,,,,,,,,,,,0.1%,978.0,-43%,Kuwait (90),Myanmar (8.7),Iraq (1.6),,,,,,,,,,,,,,,,,
42.0,27.0,Romania,7.0,6.0,15.0,16.0,29.0,11.0,5.0,13.0,2.0,19.0,3.0,,,24.0,,3.0,8.0,32.0,,2.0,1.0,0.0,,216.0,,,,,,,,,1.0,1.0,118.0,0.1%,778.0,-32%,Netherlands (44),Ukraine (23),UAE (15),Cote d'Ivoire (4.5),Moldova (4.1),Bosnia-Herzegovina (2.4),Soviet Union (1.7),Cameroon (1.5),Nigeria (1.4),Viet Nam (0.8),Guinea (0.6),Bangladesh (0.5),Hungary (0.5),Burkina Faso (0.2),Mozambique (0.0),,,,,
43.0,38.0,Portugal,,,,1.0,,,,,,,,,,,,,,,99.0,46.0,,0.0,0.0,,18.0,7.0,172.0,56.0,3.0,3.0,46.0,11.0,2.0,8.0,18.0,0.1%,219.0,124%,Romania (58),Uruguay (17),Belgium (13),Ukraine (5.6),Chile (4.9),Cabo Verde (0.6),Colombia (0.5),Angola (0.3),Mozambique (0.1),,,,,,,,,,,
44.0,,Moldova,,,11.0,,36.0,,,217.0,,,6.0,42.0,60.0,13.0,,18.0,3.0,19.0,29.0,20.0,,12.0,,,,,,,,,,,,,,0.1%,,,United States (45),Angola (41),Southern rebels (Yemen)* (7.4),United Kingdom (2.4),Romania (2.3),Namibia (1.0),Mali (0.7),Guinea (0.5),,,,,,,,,,,,
45.0,50.0,Indonesia,,,,18.0,18.0,27.0,,9.0,,54.0,,18.0,54.0,,27.0,9.0,9.0,,1.0,,,4.0,,,,,85.0,94.0,15.0,9.0,,17.0,,,,0.1%,42.0,1002%,Philippines (38),Malaysia (15),South Korea (15),UAE (13),Senegal (6.4),Pakistan (5.8),Brunei (1.9),Nepal (1.9),Viet Nam (1.6),Sri Lanka (0.1),,,,,,,,,,
46.0,,Serbia,,,,,,,20.0,5.0,,,,20.0,,,,,5.0,5.0,45.0,0.0,31.0,4.0,15.0,10.0,10.0,62.0,86.0,11.0,27.0,26.0,49.0,3.0,,,,0.0%,,,Saudi Arabia (21),Myanmar (16),Bangladesh (13),Cyprus (9.2),DR Congo (7.1),Cambodia (6.9),Kenya (6.7),Nigeria (5.7),unknown recipient(s) (5.0),Uganda (3.4),Ethiopia (2.1),North Macedonia (1.3),Iraq (1.1),Cameroon (0.9),Turkmenistan (0.4),UAE (0.4),Sudan (0.1),,,
47.0,20.0,Libya,36.0,,,,3.0,,,3.0,10.0,,,,21.0,16.0,113.0,113.0,18.0,9.0,17.0,32.0,27.0,0.0,,,,,,,,,,,,,,0.0%,995.0,-58%,Pakistan (65),UAE (13),Egypt (4.8),Somalia (3.8),Zimbabwe (3.7),Namibia (2.7),DR Congo (2.5),Uganda (2.2),Chad (1.6),Niger (0.8),Mali (0.0),,,,,,,,,
48.0,56.0,Ireland,,,,,,,,,,,,,,,,24.0,48.0,47.0,41.0,41.0,38.0,1.0,40.0,40.0,21.0,10.0,,,,,,13.0,46.0,,,0.0%,22.0,1762%,Australia (82),Brazil (11),Argentina (3.2),Malta (2.4),Chile (1.3),North Macedonia (0.3),,,,,,,,,,,,,,
49.0,23.0,Egypt,25.0,,15.0,28.0,17.0,12.0,5.0,5.0,,,,,,,,,,,,,,,,,7.0,21.0,,,,8.0,,41.0,41.0,4.0,2.0,0.0%,896.0,-74%,Pakistan (35),Algeria (22),Libya HoR* (15),Bangladesh (6.5),Kuwait (5.6),Bosnia-Herzegovina (4.3),Palestine (2.1),DR Congo (1.7),Niger (1.7),Sudan (1.6),Oman (1.2),African Union** (1.1),Burkina Faso (1.0),Rwanda (0.9),Mali (0.5),,,,,
50.0,39.0,Hungary,,,,21.0,,6.0,,24.0,,,,,34.0,,,82.0,,9.0,,,,,,41.0,,,,,,,,2.0,,,11.0,0.0%,213.0,7.7%,Iraq (40),Ethiopia (28),Angola (16),Peru (10),Serbia (4.7),Netherlands (0.9),,,,,,,,,,,,,,
51.0,45.0,Pakistan,82.0,3.0,,,2.0,,,,,,4.0,,9.0,8.0,9.0,25.0,4.0,,1.0,,,,,,,,1.0,3.0,3.0,1.0,,53.0,1.0,5.0,6.0,0.0%,84.0,159%,Bangladesh (44),Nigeria (25),Iraq (8.9),Malaysia (7.2),Turkiye (4.2),Iran (2.5),Saudi Arabia (2.2),Sri Lanka (2.1),Azerbaijan (1.1),Oman (0.9),Qatar (0.9),Syria (0.7),Bahrain (0.4),,,,,,,
52.0,67.0,Greece,,,15.0,10.0,18.0,,19.0,31.0,9.0,3.0,2.0,2.0,,6.0,22.0,13.0,23.0,,,,,,,,,,,30.0,,,,,7.0,7.0,,0.0%,8.0,2750%,Cyprus (41),Iraq (17),Canada (14),Georgia (12),Spain (8.2),Ukraine (6.6),North Macedonia (1.5),,,,,,,,,,,,,
53.0,,Kyrgyzstan,,,,,,57.0,,,,,,,,92.0,,,18.0,18.0,14.0,,,,,,,4.0,5.0,5.0,,,,,,,,0.0%,,,India (84),Croatia (7.5),Canada (6.7),Sudan (1.5),,,,,,,,,,,,,,,,
54.0,,Georgia,,,,,,,,,,46.0,69.0,,69.0,,16.0,,,,,,,,,,,,6.0,7.0,,,,,,,,0.0%,,,DR Congo (54),Azerbaijan (32),Saudi Arabia (6.1),Turkmenistan (5.4),Gambia (2.2),,,,,,,,,,,,,,,
55.0,,Montenegro,,,,,,,,,,,,,,,,,71.0,109.0,,,18.0,,,,,,,1.0,,,,,4.0,,,0.0%,,,Egypt (89),Serbia (7.9),Ukraine (1.8),Armenia (1.1),Kenya (0.6),,,,,,,,,,,,,,,
56.0,54.0,New Zealand,,34.0,4.0,,3.0,,,,,1.0,1.0,,1.0,,1.0,0.0,,,,,,,75.0,,,1.0,6.0,,7.0,,,,29.0,20.0,,0.0%,31.0,494%,United States (41),Peru (20),Australia (18),Ireland (6.2),Chile (6.0),Pakistan (3.7),Thailand (2.5),Papua New Guinea (1.5),UAE (0.5),,,,,,,,,,,
57.0,59.0,Chile,,3.0,8.0,,,,29.0,,2.0,1.0,1.0,,1.0,,,,,,100.0,,,,,,20.0,,,,0.0,,,,8.0,,,0.0%,16.0,992%,Ecuador (63),Mauritius (17),El Salvador (12),Uruguay (4.2),Paraguay (2.1),Dominican Republic (1.3),Guatemala (0.5),,,,,,,,,,,,,
58.0,35.0,Syria,,,40.0,40.0,,,0.0,0.0,,,,,,,,,3.0,,,33.0,30.0,,,,,,,,,,,,,,,0.0%,324.0,-55%,Lebanon (55),Hezbollah (Lebanon)* (45),,,,,,,,,,,,,,,,,,
59.0,,Qatar,,,,40.0,,,,,,9.0,,,,,,,2.0,,,,,0.0,,,,,,,3.0,11.0,,12.0,1.0,54.0,13.0,0.0%,,,Ukraine (46),Oman (27),Pakistan (7.5),Bosnia-Herzegovina (6.2),Somalia (5.6),Burkina Faso (2.0),Mali (2.0),Mexico (1.5),Morocco (0.6),Rwanda (0.5),Cambodia (0.4),NTC (Libya)* (0.1),,,,,,,,
60.0,,Croatia,,,,,,,,,,,10.0,,,,,,,,,,,,,,,,,3.0,,,,,4.0,39.0,53.0,0.0%,,,Ukraine (88),Guinea (9.2),Germany (2.5),,,,,,,,,,,,,,,,,
61.0,,Thailand,,,,,,,,,,,,,,7.0,7.0,,79.0,,,,,,,,,,2.0,2.0,,1.0,,3.0,,,5.0,0.0%,,,Pakistan (74),Philippines (13),Netherlands (4.4),Malaysia (4.1),Bhutan (3.1),Indonesia (1.0),,,,,,,,,,,,,,
62.0,46.0,Saudi Arabia,,,,12.0,,,1.0,,,,,,,,,,18.0,,,,1.0,62.0,,,,3.0,5.0,,,,,,,3.0,,0.0%,65.0,63%,Turkiye (59),United States (17),Morocco (11),Djibouti (4.9),Yemen (3.7),Nigeria (2.6),Palestine (1.4),,,,,,,,,,,,,
63.0,70.0,Nicaragua,2.0,,74.0,18.0,,6.0,,,,,,,,,,,,,,,,,,,,,,,,,,,,,,0.0%,5.0,1810%,Peru (89),Ecuador (5.8),Costa Rica (2.9),FMLN (El Salvador)* (2.2),,,,,,,,,,,,,,,,
64.0,,Lithuania,,,,,,,,,,,,,3.0,,,,,,,,,,,,,,,,60.0,,,,25.0,8.0,3.0,0.0%,,,Angola (61),Ukraine (23),Pakistan (13),Poland (2.9),,,,,,,,,,,,,,,,
65.0,53.0,Kuwait,,,,,,,,,95.0,,,,,,,,,,,,,,,,,,,,,,,,,,,0.0%,33.0,186%,Brazil (100),,,,,,,,,,,,,,,,,,,
66.0,60.0,Morocco,,,,,,,,,,,,,,,,,,,,,,,,,,,,,,,,,21.0,73.0,,0.0%,14.0,566%,Ukraine (100),,,,,,,,,,,,,,,,,,,
67.0,,Kazakhstan,,,,,,13.0,12.0,3.0,7.0,13.0,19.0,13.0,,,6.0,,6.0,,,,,,,,,,,,,,,,,,,0.0%,,,India (18),Ethiopia (17),Sri Lanka (13),Angola (12),Nepal (10),North Korea (7.3),Serbia (6.9),Georgia (6.6),Kyrgyzstan (6.3),North Macedonia (1.8),Congo (0.8),,,,,,,,,
68.0,,North Macedonia,,,,,,,,,,,,,,,,,,,,,,,,,,,,,,,,,31.0,59.0,,0.0%,,,Ukraine (100),,,,,,,,,,,,,,,,,,,
69.0,,Cyprus,,,,,,,34.0,,,,,,,,,,,,,,,,,,,,,,,,,,,40.0,,0.0%,,,Serbia (54),Peru (46),,,,,,,,,,,,,,,,,,
70.0,,Slovenia,,,,,,,,,,,,,,,,,,,,,,,,,,,10.0,,,,,,38.0,2.0,3.0,0.0%,,,Ukraine (82),Serbia (17),Iraq (1.5),,,,,,,,,,,,,,,,,
71.0,55.0,Venezuela,,,,,,,,,,,,,,,1.0,,7.0,,3.0,40.0,,,,,,,,,,,,,,,,0.0%,29.0,75%,Ecuador (79),Bolivia (20),Guatemala (0.8),,,,,,,,,,,,,,,,,
72.0,40.0,Taiwan,6.0,,,,,,4.0,,,,,6.0,,,,,,,,16.0,,,2.0,,,4.0,2.0,2.0,,2.0,2.0,3.0,,,,0.0%,208.0,-76%,Paraguay (39),Gambia (32),Guatemala (8.3),Honduras (8.3),Belize (4.2),Burkina Faso (4.2),eSwatini (4.2),,,,,,,,,,,,,
73.0,81.0,Lebanon,,1.0,,,,,,,,,,,48.0,,,,,,,,,,,,,,,,,,,,,,,0.0%,1.0,3304%,Pakistan (98),Yugoslavia (2.1),,,,,,,,,,,,,,,,,,
74.0,58.0,Malaysia,,,,,,0.0,,,,11.0,,,,,,,,,,0.0,,,,15.0,15.0,,,,,1.0,,,,,,0.0%,16.0,166%,UAE (70),Bangladesh (26),Cote d'Ivoire (3.0),Malta (0.6),Thailand (0.6),,,,,,,,,,,,,,,
75.0,26.0,East Germany (GDR),39.0,,,,,,,,,,,,,,,,,,,,,,,,,,,,,,,,,,,0.0%,789.0,-95%,Soviet Union (100),,,,,,,,,,,,,,,,,,,
76.0,43.0,Argentina,6.0,0.0,,13.0,5.0,5.0,,,,,2.0,,2.0,,,,2.0,,,,,1.0,,,,,,,,,,,,,,0.0%,86.0,-57%,Sri Lanka (47),Colombia (16),Ecuador (15),Uruguay (13),Bolivia (6.0),Paraguay (3.3),,,,,,,,,,,,,,
77.0,,Brunei,,,,,,,,,,,,,,,,,,,,,,24.0,,,,,12.0,,,,,,,,,0.0%,,,Indonesia (67),Malaysia (33),,,,,,,,,,,,,,,,,,
78.0,,Bosnia-Herzegovina,,,,,,,,,,,,,9.0,,,,,,,,,14.0,,3.0,,,,,,,,,2.0,7.0,,0.0%,,,Afghanistan (49),Cameroon (26),Ukraine (16),Ethiopia (8.9),,,,,,,,,,,,,,,,
79.0,,Estonia,,,,,,,8.0,,,,,,,,,,,,,,,,,,,1.0,,,,,,,9.0,13.0,2.0,0.0%,,,Ukraine (72),Sweden (24),Iraq (3.6),,,,,,,,,,,,,,,,,
80.0,,Colombia,,,,,,,,,,,,,6.0,,,,,,,,,,0.0,,,,,10.0,,10.0,4.0,,,,,0.0%,,,Guatemala (33),Honduras (33),Mexico (19),Peru (14),Suriname (0.5),,,,,,,,,,,,,,,
81.0,,Latvia,,,,,9.0,,,,,,,,,,,,,,,,,,,,,,,,,,,,11.0,6.0,1.0,0.0%,,,Ukraine (67),Peru (33),,,,,,,,,,,,,,,,,,
82.0,62.0,Viet Nam,,,,,,,,,,,,,,,,,14.0,,,,,,,,,,,,10.0,,,,,,,0.0%,12.0,105%,Cambodia (57),Myanmar (43),,,,,,,,,,,,,,,,,,
83.0,87.0,DR Congo,,,,,,,,22.0,,,,,,,,,,,,,,,,,,,,,,,,,,,,0.0%,1.0,2700%,France (100),,,,,,,,,,,,,,,,,,,
84.0,48.0,Peru,,,,,,,,,,,,14.0,,,5.0,,,,,,,,,,,,,,,,,,,,,0.0%,50.0,-60%,Angola (78),United States (22),,,,,,,,,,,,,,,,,,
85.0,69.0,Ghana,,,,,,,,,,,,,,,,19.0,,,,,,,,,,,,,,,,,,,,0.0%,6.0,218%,DR Congo (100),,,,,,,,,,,,,,,,,,,
86.0,,Aruba,,,,,,,18.0,,,,,,,,,,,,,,,,,,,,,,,,,,,,,0.0%,,,Israel (100),,,,,,,,,,,,,,,,,,,
87.0,44.0,Ethiopia,,,,,,,,17.0,,,,,,,,,,,,,,,,,,,,,,,,,,,,0.0%,86.0,-80%,Eritrea (100),,,,,,,,,,,,,,,,,,,
88.0,,Malta,,,,,,,,,,,,,,,10.0,,,,,,,,,,,5.0,,,,,,,,,,0.0%,,,Bahrain (66),Pakistan (34),,,,,,,,,,,,,,,,,,
89.0,71.0,Sudan,,,,,,,,,,,,,,,,,,,,,,,,11.0,,,,,,,,,,,,0.0%,5.0,109%,Libya (100),,,,,,,,,,,,,,,,,,,
90.0,,Mexico,,8.0,,,,,,,,,,,,,,,,,,,,,,,,,,,,1.0,,,,,,0.0%,,,Chile (90),Ecuador (10),,,,,,,,,,,,,,,,,,
91.0,80.0,Nigeria,3.0,,,,,,,,,,0.0,,,,,,,,,,,,,,,,,,,,,2.0,3.0,,,0.0%,2.0,427%,Chad (59),Ghana (38),Mali (2.8),,,,,,,,,,,,,,,,,
92.0,63.0,Oman,,,,,0.0,,,,,,,,,,,1.0,,,,,,,,,,,,7.0,,,,,,,,0.0%,10.0,-19%,Cyprus (84),Bahrain (10),Cambodia (5.8),,,,,,,,,,,,,,,,,
93.0,,Ecuador,,,,,,,,,,,,,,,,,,,,,,,,,6.0,,,,2.0,,,,,,,0.0%,,,Uruguay (100),,,,,,,,,,,,,,,,,,,
94.0,,Sri Lanka,,,,,,,,,8.0,,,,,,,,,,,,,,,,,,,,,,,,,,,0.0%,,,Maldives (100),,,,,,,,,,,,,,,,,,,
95.0,91.0,Iceland,,,,5.0,,,,,,,,,,,,,,,,,,,,,,,,,,,,,,,,0.0%,0.0,2221%,Sweden (100),,,,,,,,,,,,,,,,,,,
96.0,,Armenia,,,,,,,,,,,,,,,,,4.0,,,,,,,,,,,,,,,,,,,0.0%,,,Sudan (100),,,,,,,,,,,,,,,,,,,
97.0,,Dominican Republic,,,,,,,,,,,,,,,,,,,,,,,,,,,,4.0,,,,,0.0,,,0.0%,,,Colombia (94),Antigua and Barbuda (5.7),,,,,,,,,,,,,,,,,,
98.0,66.0,Kenya,,2.0,,2.0,,,,,,,,,,,,,,,,,,,,,,,,,,,,,,,,0.0%,8.0,-50%,Botswana (100),,,,,,,,,,,,,,,,,,,
99.0,88.0,Philippines,,,,,,,,,,,,,,,,,,4.0,,,,,,,,,,,,,,,,,,0.0%,1.0,594%,Burkina Faso (100),,,,,,,,,,,,,,,,,,,
100.0,89.0,Uganda,,,,,,,,,,,,,,,,,,,,,,,,,,,4.0,,,,,,,,,0.0%,0.0,1216%,South Sudan (100),,,,,,,,,,,,,,,,,,,
